rank,layer,feature_id,positive_alignment,signed_alignment,contribution_norm,feature_delta_abs,donor_mean,recipient_mean,active_fraction,token_count
1,20,14425,1037.255859375,1037.255859375,915.3531494140625,25.6953125,5.72099609375,5.682080078125,0.45,160
2,20,3166,574.2652587890625,574.2652587890625,368.2739562988281,18.88671875,2.301708984375,2.2119873046875,0.21875,160
3,20,2182,567.5170288085938,567.5170288085938,552.3975219726562,20.53125,3.452490234375,3.550830078125,0.3375,160
4,20,1234,558.9317016601562,558.9317016601562,336.1234436035156,11.3515625,2.10078125,2.138037109375,0.14375,160
5,20,11694,548.946533203125,548.946533203125,438.1121826171875,14.125,2.73818359375,2.66748046875,0.19375,160
6,20,1170,512.5882568359375,512.5882568359375,1817.34521484375,58.8984375,11.358837890625,11.1875,0.68125,160
7,20,2692,479.3814392089844,479.3814392089844,402.5894470214844,12.8828125,2.5161865234375,2.4432861328125,0.2625,160
8,20,14077,421.6068115234375,421.6068115234375,234.56150817871094,20.015625,1.466015625,1.38037109375,0.13125,160
9,20,1639,412.6907043457031,412.6907043457031,189.75531005859375,3.87109375,1.185986328125,1.1727294921875,0.05,160
10,20,15493,366.4466857910156,366.4466857910156,266.4739074707031,4.6875,1.665478515625,1.688525390625,0.08125,160
11,20,14211,309.611083984375,309.611083984375,223.7496795654297,14.578125,1.3984375,1.35205078125,0.11875,160
12,20,13882,309.3905029296875,309.3905029296875,534.5242919921875,31.171875,3.34072265625,3.2537109375,0.2,160
13,20,10652,291.52880859375,291.52880859375,120.0380630493164,5.15625,0.750244140625,0.727490234375,0.0875,160
14,20,8104,284.14324951171875,284.14324951171875,60.44476318359375,5.59375,0.377783203125,0.343701171875,0.025,160
15,20,2766,246.29074096679688,246.29074096679688,120.16487884521484,3.6171875,0.751025390625,0.74326171875,0.0875,160
16,20,7211,241.77940368652344,241.77940368652344,152.16412353515625,9.8828125,0.951025390625,0.9337890625,0.08125,160
17,20,12271,241.43048095703125,241.43048095703125,160.04537963867188,7.5078125,1.00029296875,0.976123046875,0.1,160
18,20,15691,229.98410034179688,229.98410034179688,293.5170593261719,6.259765625,1.8344970703125,1.84031982421875,0.075,160
19,20,14520,228.13912963867188,228.13912963867188,52.21873474121094,2.828125,0.3263671875,0.30869140625,0.01875,160
20,20,1278,220.7843475341797,220.7843475341797,116.09194946289062,8.78125,0.7255859375,0.67392578125,0.075,160
21,20,2462,217.05828857421875,217.05828857421875,301.1216125488281,15.5625,1.88203125,1.8150390625,0.3375,160
22,20,11545,211.234619140625,211.234619140625,522.5487670898438,19.5,3.26591796875,3.32646484375,0.29375,160
23,20,10952,210.9969024658203,210.9969024658203,169.5321044921875,16.46875,1.0595703125,1.0125,0.1,160
24,20,10370,206.79934692382812,206.79934692382812,163.246826171875,18.015625,1.0202880859375,0.9076904296875,0.1125,160
25,20,9149,199.72164916992188,199.72164916992188,116.72567749023438,1.5078125,0.729541015625,0.73037109375,0.05,160
26,20,7366,198.88006591796875,198.88006591796875,124.72706604003906,1.8359375,0.779541015625,0.7681640625,0.03125,160
27,20,10402,184.908935546875,184.908935546875,235.90977478027344,4.63671875,1.474462890625,1.4687255859375,0.14375,160
28,20,12943,168.99447631835938,168.99447631835938,42.89885330200195,0.671875,0.268115234375,0.264892578125,0.01875,160
29,20,1759,168.41604614257812,168.41604614257812,190.13992309570312,11.2421875,1.18837890625,1.15478515625,0.1125,160
30,20,1247,165.788330078125,165.788330078125,199.00897216796875,3.609375,1.243798828125,1.224560546875,0.11875,160
31,20,12623,156.3444061279297,156.3444061279297,149.2738800048828,9.8359375,0.932958984375,0.972265625,0.10625,160
32,20,1871,152.63006591796875,152.63006591796875,158.1582794189453,3.21875,0.9884765625,0.9890625,0.03125,160
33,20,12899,144.5474090576172,144.5474090576172,42.843910217285156,0.25,0.2677734375,0.2693359375,0.0125,160
34,20,1985,143.45138549804688,143.45138549804688,354.7207336425781,10.4375,2.2169921875,2.2318359375,0.3125,160
35,20,3590,139.6249237060547,139.6249237060547,51.87468719482422,3.87109375,0.32421875,0.3000244140625,0.03125,160
36,20,6965,136.30763244628906,136.30763244628906,219.89578247070312,4.3046875,1.374365234375,1.367578125,0.1375,160
37,20,10334,134.42044067382812,134.42044067382812,108.12081146240234,14.65625,0.6757568359375,0.6350830078125,0.10625,160
38,20,10669,131.17282104492188,131.17282104492188,26.874794006347656,3.671875,0.16796875,0.14501953125,0.00625,160
39,20,4196,130.9077606201172,130.9077606201172,134.58517456054688,5.43359375,0.841162109375,0.8157958984375,0.1125,160
40,20,508,124.43903350830078,124.43903350830078,61.80497360229492,0.8828125,0.386279296875,0.3841796875,0.03125,160
41,20,8145,124.18274688720703,124.18274688720703,76.24207305908203,2.984375,0.476513671875,0.457861328125,0.0375,160
42,20,5971,123.31182861328125,123.31182861328125,159.1143798828125,15.59765625,0.9944580078125,0.89697265625,0.15625,160
43,20,13282,123.08558654785156,123.08558654785156,123.55524444580078,19.30078125,0.772216796875,0.6515869140625,0.09375,160
44,20,634,121.99279022216797,121.99279022216797,52.98456573486328,2.1875,0.33115234375,0.31748046875,0.025,160
45,20,9037,118.4822998046875,118.4822998046875,64.64192962646484,0.703125,0.40400390625,0.40263671875,0.05625,160
46,20,473,117.79391479492188,117.79391479492188,135.89822387695312,41.1796875,0.849365234375,0.5919921875,0.14375,160
47,20,12089,117.1584243774414,117.1584243774414,106.04674530029297,6.53125,0.66279296875,0.69638671875,0.08125,160
48,20,3057,109.98326110839844,109.98326110839844,61.49953079223633,2.578125,0.384375,0.37353515625,0.04375,160
49,20,1391,108.96546936035156,108.96546936035156,27.140413284301758,0.7265625,0.16962890625,0.167626953125,0.01875,160
50,20,4392,107.71949768066406,107.71949768066406,216.39862060546875,5.484375,1.352490234375,1.36826171875,0.13125,160
51,20,4080,107.49637603759766,107.49637603759766,57.32120132446289,0.5703125,0.358251953125,0.35517578125,0.0125,160
52,20,5576,106.671630859375,106.671630859375,53.51555633544922,0.6328125,0.33447265625,0.331884765625,0.03125,160
53,20,3274,106.55789947509766,106.55789947509766,295.62982177734375,15.515625,1.8476806640625,1.8817138671875,0.19375,160
54,20,5653,106.45622253417969,106.45622253417969,137.4925079345703,8.5390625,0.859326171875,0.84755859375,0.14375,160
55,20,14463,106.07362365722656,106.07362365722656,70.50035095214844,1.8359375,0.440625,0.434326171875,0.05,160
56,20,12844,102.10134887695312,102.10134887695312,627.485595703125,7.7265625,3.92177734375,3.903662109375,0.30625,160
57,20,9672,100.6356201171875,100.6356201171875,29.21885871887207,0.59375,0.1826171875,0.186328125,0.00625,160
58,20,2305,100.52627563476562,100.52627563476562,246.01699829101562,10.6171875,1.53759765625,1.482568359375,0.15,160
59,20,9804,100.35907745361328,100.35907745361328,152.8433380126953,3.6875,0.9552734375,0.960546875,0.1125,160
60,20,1529,98.07957458496094,98.07957458496094,33.003841400146484,1.78125,0.2062744140625,0.1972900390625,0.0125,160
61,20,11386,96.54582214355469,96.54582214355469,88.4845962524414,0.9765625,0.55302734375,0.546923828125,0.03125,160
62,20,7289,96.50315856933594,96.50315856933594,80.85111236572266,0.9921875,0.505322265625,0.500390625,0.05,160
63,20,15735,95.25711059570312,95.25711059570312,56.242313385009766,0.90625,0.351513671875,0.349560546875,0.03125,160
64,20,5289,93.29950714111328,93.29950714111328,32.4378547668457,0.6484375,0.202734375,0.201220703125,0.03125,160
65,20,6332,92.50724029541016,92.50724029541016,85.87859344482422,8.05859375,0.5367431640625,0.492626953125,0.05625,160
66,20,12511,91.20264434814453,91.20264434814453,72.01178741455078,15.27734375,0.4500732421875,0.35458984375,0.075,160
67,20,11466,90.10069274902344,90.10069274902344,93.33586883544922,1.60546875,0.583349609375,0.5874755859375,0.08125,160
68,20,13752,89.46170806884766,89.46170806884766,73.10108947753906,2.5234375,0.456884765625,0.44599609375,0.03125,160
69,20,16295,88.83222961425781,88.83222961425781,112.55690002441406,1.6953125,0.703466796875,0.70478515625,0.125,160
70,20,8830,88.04438018798828,88.04438018798828,33.49987030029297,0.1875,0.209375,0.208203125,0.00625,160
71,20,10770,87.97974395751953,87.97974395751953,103.33080291748047,5.4765625,0.6458251953125,0.6115966796875,0.08125,160
72,20,10547,86.7038345336914,86.7038345336914,135.9903106689453,5.8203125,0.849951171875,0.83212890625,0.15,160
73,20,11441,86.0142822265625,86.0142822265625,41.421566009521484,1.109375,0.25888671875,0.25556640625,0.025,160
74,20,11229,85.38469696044922,85.38469696044922,151.4999237060547,6.13671875,0.946875,0.9463623046875,0.075,160
75,20,8555,84.51419830322266,84.51419830322266,91.37411499023438,1.671875,0.57109375,0.5658203125,0.04375,160
76,20,10805,84.44994354248047,84.44994354248047,28.53154182434082,0.90625,0.1783203125,0.17265625,0.00625,160
77,20,15152,78.29142761230469,78.29142761230469,37.89842224121094,0.6328125,0.236865234375,0.23916015625,0.025,160
78,20,15471,77.62654876708984,77.62654876708984,157.46075439453125,6.796875,0.984130859375,1.026611328125,0.06875,160
79,20,10041,76.12728881835938,76.12728881835938,49.25032424926758,1.1484375,0.3078125,0.300634765625,0.0375,160
80,20,4022,76.09622192382812,76.09622192382812,100.44522094726562,10.5,0.627783203125,0.614892578125,0.14375,160
81,20,5987,74.8304443359375,74.8304443359375,534.4934692382812,16.580078125,3.3406005859375,3.33094482421875,0.45,160
82,20,848,73.79988861083984,73.79988861083984,27.328105926513672,0.828125,0.17080078125,0.1724609375,0.025,160
83,20,4078,73.01441955566406,73.01441955566406,67.23468780517578,0.6796875,0.42021484375,0.419384765625,0.04375,160
84,20,14053,72.76028442382812,72.76028442382812,114.63182067871094,13.3828125,0.716455078125,0.6328125,0.1375,160
85,20,4511,70.656494140625,70.656494140625,58.020084381103516,1.625,0.3626220703125,0.3636962890625,0.04375,160
86,20,2719,70.40025329589844,70.40025329589844,37.281341552734375,0.25,0.2330078125,0.2314453125,0.01875,160
87,20,8276,70.32856750488281,70.32856750488281,136.7550048828125,2.359375,0.854736328125,0.850537109375,0.01875,160
88,20,3478,70.085693359375,70.085693359375,177.95640563964844,6.85546875,1.1122314453125,1.086083984375,0.225,160
89,20,12236,69.42739868164062,69.42739868164062,41.116764068603516,0.8515625,0.256982421875,0.26181640625,0.03125,160
90,20,9215,69.2753677368164,69.2753677368164,38.894371032714844,0.890625,0.2430908203125,0.2388916015625,0.05625,160
91,20,11806,69.03998565673828,69.03998565673828,43.46506118774414,5.02734375,0.2716552734375,0.289013671875,0.025,160
92,20,2890,68.89409637451172,68.89409637451172,65.7269287109375,1.328125,0.410791015625,0.412255859375,0.05625,160
93,20,6884,68.54658508300781,68.54658508300781,103.35003662109375,2.40625,0.645947265625,0.654736328125,0.06875,160
94,20,5307,68.29280853271484,68.29280853271484,56.39453125,4.34765625,0.3524658203125,0.33154296875,0.01875,160
95,20,1709,67.98816680908203,67.98816680908203,109.21035766601562,0.78125,0.682568359375,0.680029296875,0.0375,160
96,20,8513,67.56046295166016,67.56046295166016,204.0454864501953,7.84375,1.27529296875,1.31611328125,0.125,160
97,20,485,66.24298858642578,66.24298858642578,71.27317810058594,1.4453125,0.445458984375,0.4453125,0.05625,160
98,20,7622,64.05004119873047,64.05004119873047,160.29025268554688,1.953125,1.001806640625,0.997216796875,0.05,160
99,20,7761,62.95716857910156,62.95716857910156,15.031180381774902,0.453125,0.0939453125,0.09111328125,0.01875,160
100,20,5179,62.61768341064453,62.61768341064453,47.976749420166016,1.5859375,0.299853515625,0.30048828125,0.06875,160
101,20,4970,61.612789154052734,61.612789154052734,44.78911209106445,2.8359375,0.279931640625,0.297265625,0.05,160
102,20,7171,61.423927307128906,61.423927307128906,25.062524795532227,0.328125,0.156640625,0.15732421875,0.01875,160
103,20,11981,60.111778259277344,60.111778259277344,42.78895950317383,0.71875,0.267431640625,0.265673828125,0.01875,160
104,20,12277,58.918609619140625,58.918609619140625,80.76213073730469,3.2890625,0.5047607421875,0.4882080078125,0.0625,160
105,20,11287,58.738746643066406,58.738746643066406,9.906399726867676,3.16015625,0.0619140625,0.0421630859375,0.00625,160
106,20,12963,57.511295318603516,57.511295318603516,74.63307189941406,9.89453125,0.466455078125,0.4077392578125,0.075,160
107,20,3580,57.44855499267578,57.44855499267578,25.250131607055664,0.0625,0.1578125,0.158203125,0.00625,160
108,20,8800,56.47052001953125,56.47052001953125,51.51560592651367,1.71875,0.32197265625,0.33232421875,0.01875,160
109,20,5723,55.50999450683594,55.50999450683594,29.5627498626709,2.90625,0.184765625,0.1677734375,0.01875,160
110,20,8489,55.19880294799805,55.19880294799805,109.5394515991211,3.8125,0.684619140625,0.67353515625,0.125,160
111,20,14230,55.067352294921875,55.067352294921875,117.42820739746094,4.5390625,0.733935546875,0.70654296875,0.10625,160
112,20,3877,54.60514831542969,54.60514831542969,30.17168617248535,1.046875,0.18857421875,0.186328125,0.03125,160
113,20,8294,54.51727294921875,54.51727294921875,33.53123092651367,0.3984375,0.2095703125,0.209619140625,0.025,160
114,20,10252,53.99073791503906,53.99073791503906,50.88374710083008,9.05078125,0.318017578125,0.3053466796875,0.06875,160
115,20,251,52.77912139892578,52.77912139892578,67.08555603027344,1.40625,0.419287109375,0.426220703125,0.0375,160
116,20,8575,52.49346160888672,52.49346160888672,54.070743560791016,7.09375,0.337939453125,0.293603515625,0.03125,160
117,20,8943,52.097862243652344,52.097862243652344,137.554931640625,7.8828125,0.859716796875,0.8658203125,0.08125,160
118,20,4107,52.01827621459961,52.01827621459961,21.59407615661621,0.265625,0.1349609375,0.13330078125,0.00625,160
119,20,9600,51.742794036865234,51.742794036865234,40.093894958496094,7.640625,0.2505859375,0.20283203125,0.0375,160
120,20,13056,50.89506530761719,50.89506530761719,30.077587127685547,0.2421875,0.18798828125,0.187646484375,0.01875,160
121,20,355,50.602691650390625,50.602691650390625,16.414037704467773,1.1875,0.102587890625,0.095166015625,0.0125,160
122,20,2083,50.56586456298828,50.56586456298828,42.10126876831055,1.203125,0.263134765625,0.255615234375,0.03125,160
123,20,950,50.33842086791992,50.33842086791992,26.593603134155273,0.078125,0.1662109375,0.16572265625,0.0125,160
124,20,1279,50.00354766845703,50.00354766845703,50.52734375,5.19140625,0.3157958984375,0.32177734375,0.08125,160
125,20,8243,49.881813049316406,49.881813049316406,55.11024856567383,11.4140625,0.34443359375,0.320263671875,0.08125,160
126,20,5001,49.76338577270508,49.76338577270508,61.0789909362793,1.0546875,0.38173828125,0.388330078125,0.08125,160
127,20,8776,49.584861755371094,49.584861755371094,79.90656280517578,11.265625,0.4994140625,0.5587890625,0.0875,160
128,20,5739,49.53624725341797,49.53624725341797,88.27684020996094,6.73046875,0.5517333984375,0.5134765625,0.1125,160
129,20,7700,49.442420959472656,49.442420959472656,31.679458618164062,4.765625,0.197998046875,0.192431640625,0.01875,160
130,20,7950,48.72480392456055,48.72480392456055,30.007564544677734,0.3125,0.187548828125,0.185595703125,0.0125,160
131,20,1442,48.66790008544922,48.66790008544922,8.281204223632812,0.109375,0.0517578125,0.05107421875,0.00625,160
132,20,9210,48.52482604980469,48.52482604980469,29.85879898071289,3.84375,0.18662109375,0.21044921875,0.04375,160
133,20,10098,47.8526611328125,47.8526611328125,50.37540054321289,4.37109375,0.31484375,0.3416748046875,0.05,160
134,20,14317,47.80663299560547,47.80663299560547,104.8855209350586,7.86328125,0.6555419921875,0.66044921875,0.11875,160
135,20,1200,47.540016174316406,47.540016174316406,59.03143310546875,4.046875,0.3689453125,0.34404296875,0.06875,160
136,20,2453,47.52028274536133,47.52028274536133,59.058204650878906,4.49609375,0.3691162109375,0.3447265625,0.025,160
137,20,5326,47.030189514160156,47.030189514160156,57.183494567871094,8.08984375,0.3573974609375,0.342626953125,0.06875,160
138,20,5573,46.38273620605469,46.38273620605469,84.1998519897461,2.9921875,0.5262451171875,0.5177978515625,0.0875,160
139,20,4869,46.337032318115234,46.337032318115234,23.929340362548828,2.93359375,0.149560546875,0.1666259765625,0.01875,160
140,20,12313,45.738525390625,45.738525390625,80.17713928222656,5.71875,0.50111083984375,0.52850341796875,0.09375,160
141,20,8527,45.71767807006836,45.71767807006836,125.75790405273438,2.5703125,0.785986328125,0.79931640625,0.05,160
142,20,2960,45.31787109375,45.31787109375,32.03953552246094,1.796875,0.200244140625,0.196240234375,0.01875,160
143,20,13886,45.09860610961914,45.09860610961914,23.52352523803711,0.6796875,0.147021484375,0.14755859375,0.01875,160
144,20,10161,44.908382415771484,44.908382415771484,47.37528991699219,0.265625,0.29609375,0.29541015625,0.025,160
145,20,9775,44.20089340209961,44.20089340209961,24.625261306762695,0.34375,0.15390625,0.15556640625,0.025,160
146,20,11279,44.00579833984375,44.00579833984375,14.312703132629395,0.046875,0.089453125,0.08974609375,0.00625,160
147,20,1996,43.66695022583008,43.66695022583008,31.738178253173828,3.14453125,0.1983642578125,0.217138671875,0.0125,160
148,20,27,43.51667785644531,43.51667785644531,55.04663848876953,7.6484375,0.34404296875,0.391845703125,0.05625,160
149,20,6409,43.489601135253906,43.489601135253906,79.67210388183594,7.0234375,0.49794921875,0.490087890625,0.08125,160
150,20,9485,43.48126983642578,43.48126983642578,22.15851402282715,0.85546875,0.13848876953125,0.14193115234375,0.0375,160
151,20,12779,43.48103332519531,43.48103332519531,19.78131866455078,2.6953125,0.1236328125,0.140478515625,0.00625,160
152,20,10290,43.254268646240234,43.254268646240234,17.878759384155273,0.515625,0.1117431640625,0.1120361328125,0.03125,160
153,20,12225,42.66999816894531,42.66999816894531,89.50807189941406,1.640625,0.559423828125,0.559130859375,0.125,160
154,20,9918,42.51116180419922,42.51116180419922,88.26563262939453,9.48828125,0.55166015625,0.4923583984375,0.0625,160
155,20,16175,42.50696563720703,42.50696563720703,72.90705108642578,0.21875,0.4556640625,0.454296875,0.0125,160
156,20,1487,42.10179901123047,42.10179901123047,30.15579605102539,2.3984375,0.1884765625,0.173486328125,0.03125,160
157,20,13409,42.02259063720703,42.02259063720703,52.093528747558594,3.21875,0.3255859375,0.31083984375,0.04375,160
158,20,2404,41.6891975402832,41.6891975402832,43.734500885009766,0.9921875,0.27333984375,0.269775390625,0.04375,160
159,20,12942,41.347660064697266,41.347660064697266,69.6328125,0.46875,0.435205078125,0.433447265625,0.025,160
160,20,15414,41.260765075683594,41.260765075683594,114.47992706298828,6.07421875,0.7155029296875,0.700048828125,0.15625,160
161,20,3617,41.08001708984375,41.08001708984375,47.4641227722168,5.13671875,0.2966552734375,0.278369140625,0.04375,160
162,20,12976,40.63427734375,40.63427734375,13.01561450958252,0.28125,0.08134765625,0.08310546875,0.00625,160
163,20,5548,40.57300567626953,40.57300567626953,6.492270469665527,0.171875,0.040576171875,0.039501953125,0.00625,160
164,20,3197,40.49343490600586,40.49343490600586,33.07004928588867,0.5,0.206689453125,0.206884765625,0.04375,160
165,20,6516,40.313697814941406,40.313697814941406,27.726581573486328,0.6875,0.173291015625,0.168994140625,0.01875,160
166,20,12078,40.14655303955078,40.14655303955078,15.312527656555176,0.078125,0.095703125,0.0955078125,0.025,160
167,20,10676,40.05624008178711,40.05624008178711,19.68763542175293,0.375,0.123046875,0.120703125,0.01875,160
168,20,10986,39.939422607421875,39.939422607421875,31.796831130981445,0.484375,0.19873046875,0.20078125,0.05,160
169,20,11346,39.82512664794922,39.82512664794922,38.68798828125,0.0625,0.241796875,0.24140625,0.00625,160
170,20,363,39.461021423339844,39.461021423339844,36.023529052734375,0.6640625,0.225146484375,0.22802734375,0.025,160
171,20,12761,39.18354415893555,39.18354415893555,32.60921096801758,1.0,0.20380859375,0.1986328125,0.04375,160
172,20,7776,38.984580993652344,38.984580993652344,103.44791412353516,13.9609375,0.6465576171875,0.7244873046875,0.1625,160
173,20,13759,38.90348815917969,38.90348815917969,26.843713760375977,1.015625,0.1677734375,0.1681640625,0.03125,160
174,20,12045,38.41426086425781,38.41426086425781,15.7578763961792,3.0625,0.098486328125,0.079345703125,0.00625,160
175,20,12735,38.38758087158203,38.38758087158203,14.828224182128906,0.203125,0.09267578125,0.0921875,0.01875,160
176,20,15445,38.07205581665039,38.07205581665039,21.066646575927734,0.3359375,0.1316650390625,0.1295654296875,0.0125,160
177,20,9955,38.060691833496094,38.060691833496094,21.669931411743164,1.072265625,0.13543701171875,0.1345947265625,0.03125,160
178,20,4808,38.04649353027344,38.04649353027344,15.781164169311523,0.421875,0.0986328125,0.0962890625,0.01875,160
179,20,11002,38.02473449707031,38.02473449707031,18.86495590209961,0.65625,0.11790771484375,0.11693115234375,0.0125,160
180,20,10045,37.82039260864258,37.82039260864258,22.515899658203125,0.234375,0.14072265625,0.13984375,0.03125,160
181,20,2726,37.81257247924805,37.81257247924805,12.031240463256836,0.5078125,0.0751953125,0.076123046875,0.025,160
182,20,1420,37.78229522705078,37.78229522705078,57.66828536987305,0.453125,0.3604248046875,0.3607177734375,0.025,160
183,20,6678,37.71864318847656,37.71864318847656,20.648286819458008,1.515625,0.129052734375,0.119580078125,0.03125,160
184,20,14283,37.6907958984375,37.6907958984375,16.5354061126709,1.59375,0.1033447265625,0.0933837890625,0.0125,160
185,20,3174,37.668357849121094,37.668357849121094,16.93736457824707,0.375,0.105859375,0.108203125,0.01875,160
186,20,1039,37.665218353271484,37.665218353271484,29.054767608642578,0.078125,0.181591796875,0.181591796875,0.01875,160
187,20,9552,37.62368392944336,37.62368392944336,40.42229461669922,0.6796875,0.25263671875,0.251025390625,0.05625,160
188,20,2454,37.563297271728516,37.563297271728516,12.828047752380371,0.3984375,0.08017578125,0.078271484375,0.01875,160
189,20,15820,37.36747741699219,37.36747741699219,31.292972564697266,0.91796875,0.1955810546875,0.195654296875,0.05,160
190,20,7659,37.287376403808594,37.287376403808594,34.242103576660156,2.859375,0.214013671875,0.198876953125,0.025,160
191,20,4002,37.21821594238281,37.21821594238281,81.53913116455078,9.87109375,0.509619140625,0.4757080078125,0.075,160
192,20,6928,36.84638214111328,36.84638214111328,52.80876541137695,6.39453125,0.3300537109375,0.3279541015625,0.0875,160
193,20,13143,36.83671188354492,36.83671188354492,55.78098678588867,1.28125,0.3486328125,0.3529296875,0.01875,160
194,20,6565,36.82857131958008,36.82857131958008,39.96894836425781,2.921875,0.2498046875,0.23154296875,0.04375,160
195,20,4794,36.74156188964844,36.74156188964844,59.441383361816406,4.53515625,0.3715087890625,0.34453125,0.04375,160
196,20,13554,36.504173278808594,36.504173278808594,20.232473373413086,8.712890625,0.12645263671875,0.180126953125,0.03125,160
197,20,975,36.47142791748047,36.47142791748047,21.40241813659668,0.79296875,0.1337646484375,0.12880859375,0.0375,160
198,20,14574,36.400856018066406,36.400856018066406,27.68160057067871,0.505859375,0.17301025390625,0.1706298828125,0.04375,160
199,20,11029,36.18532943725586,36.18532943725586,24.515409469604492,0.78125,0.15322265625,0.14833984375,0.0375,160
200,20,1143,35.94992446899414,35.94992446899414,37.023136138916016,1.671875,0.231396484375,0.236376953125,0.03125,160
201,20,6240,35.74182891845703,35.74182891845703,16.65619659423828,2.978515625,0.1041015625,0.08607177734375,0.025,160
202,20,1757,35.71604537963867,35.71604537963867,18.896560668945312,3.490234375,0.11810302734375,0.102880859375,0.03125,160
203,20,10372,35.63045883178711,35.63045883178711,15.37897777557373,0.3984375,0.0961181640625,0.0957763671875,0.0125,160
204,20,3873,35.592201232910156,35.592201232910156,7.390612602233887,0.0859375,0.04619140625,0.046728515625,0.00625,160
205,20,4414,35.56597137451172,35.56597137451172,77.46923065185547,0.71875,0.4841796875,0.48359375,0.025,160
206,20,4137,35.37803649902344,35.37803649902344,62.59048843383789,3.654296875,0.39119873046875,0.37412109375,0.06875,160
207,20,7017,35.343509674072266,35.343509674072266,16.632972717285156,0.15625,0.103955078125,0.103564453125,0.01875,160
208,20,919,35.13490295410156,35.13490295410156,9.562458038330078,0.171875,0.059765625,0.05869140625,0.00625,160
209,20,8726,35.012184143066406,35.012184143066406,19.671709060668945,0.4609375,0.12294921875,0.120361328125,0.03125,160
210,20,9304,34.76211166381836,34.76211166381836,24.08635139465332,1.046875,0.150537109375,0.146826171875,0.0125,160
211,20,2842,34.74609375,34.74609375,62.945030212402344,7.515625,0.393408203125,0.353173828125,0.05625,160
212,20,4197,34.74211120605469,34.74211120605469,21.136547088623047,0.375,0.1321044921875,0.1305419921875,0.03125,160
213,20,6245,34.56629180908203,34.56629180908203,19.820024490356445,2.8125,0.123876953125,0.106298828125,0.01875,160
214,20,6638,34.37665557861328,34.37665557861328,19.827938079833984,0.390625,0.12392578125,0.121484375,0.025,160
215,20,5769,34.24195098876953,34.24195098876953,100.1151351928711,1.640625,0.625732421875,0.629541015625,0.0625,160
216,20,8473,34.2221565246582,34.2221565246582,12.30471134185791,0.09375,0.076904296875,0.077490234375,0.00625,160
217,20,2961,34.196903228759766,34.196903228759766,18.953033447265625,0.390625,0.11845703125,0.1208984375,0.025,160
218,20,10251,34.11841583251953,34.11841583251953,76.14092254638672,2.609375,0.47587890625,0.4619140625,0.05625,160
219,20,4640,34.04972457885742,34.04972457885742,22.105558395385742,0.2265625,0.1381591796875,0.1389892578125,0.025,160
220,20,8742,33.916908264160156,33.916908264160156,125.10106658935547,4.1484375,0.781884765625,0.790625,0.0625,160
221,20,14539,33.89234161376953,33.89234161376953,22.76555824279785,0.27734375,0.14228515625,0.1413818359375,0.03125,160
222,20,10159,33.683753967285156,33.683753967285156,25.476530075073242,3.26953125,0.159228515625,0.1755126953125,0.04375,160
223,20,8148,33.67575454711914,33.67575454711914,31.367420196533203,3.765625,0.196044921875,0.174462890625,0.05,160
224,20,12793,33.59248352050781,33.59248352050781,18.203142166137695,0.86328125,0.11376953125,0.1191650390625,0.025,160
225,20,6514,33.54216003417969,33.54216003417969,19.74209213256836,6.41015625,0.123388671875,0.1242431640625,0.0375,160
226,20,9904,33.33549880981445,33.33549880981445,15.257858276367188,6.5703125,0.095361328125,0.090869140625,0.025,160
227,20,9749,33.24224090576172,33.24224090576172,55.6566276550293,10.4296875,0.3478515625,0.411865234375,0.0875,160
228,20,1708,32.91633224487305,32.91633224487305,26.937471389770508,0.515625,0.168359375,0.17158203125,0.0125,160
229,20,11593,32.8907585144043,32.8907585144043,266.29083251953125,13.21875,1.6642578125,1.725,0.2625,160
230,20,6279,32.88938522338867,32.88938522338867,55.0589599609375,2.19140625,0.3441162109375,0.35673828125,0.0625,160
231,20,1857,32.805747985839844,32.805747985839844,55.668460845947266,1.5390625,0.3479248046875,0.3394775390625,0.06875,160
232,20,2401,32.76986312866211,32.76986312866211,14.753923416137695,0.46875,0.0922119140625,0.0926025390625,0.025,160
233,20,10222,32.01100158691406,32.01100158691406,52.30507278442383,2.6875,0.326904296875,0.337353515625,0.05,160
234,20,4419,31.945653915405273,31.945653915405273,33.077980041503906,1.25,0.20673828125,0.20517578125,0.05,160
235,20,13961,31.880319595336914,31.880319595336914,9.9844388961792,0.03125,0.06240234375,0.06259765625,0.00625,160
236,20,8163,31.8663387298584,31.8663387298584,31.070213317871094,6.24609375,0.194189453125,0.2311767578125,0.05,160
237,20,3356,31.765731811523438,31.765731811523438,61.0933952331543,0.84375,0.3818359375,0.37900390625,0.05,160
238,20,12316,31.639019012451172,31.639019012451172,66.39814758300781,2.15625,0.414990234375,0.413623046875,0.04375,160
239,20,13337,31.56631851196289,31.56631851196289,99.06379699707031,2.19921875,0.619140625,0.6251708984375,0.075,160
240,20,8356,31.54313850402832,31.54313850402832,28.043031692504883,3.0859375,0.1752685546875,0.1559814453125,0.025,160
241,20,3699,31.397655487060547,31.397655487060547,26.11729621887207,0.46875,0.163232421875,0.161474609375,0.025,160
242,20,936,31.35706329345703,31.35706329345703,12.953194618225098,1.109375,0.08095703125,0.0740234375,0.00625,160
243,20,4979,31.329914093017578,31.329914093017578,18.773414611816406,0.5234375,0.117333984375,0.11455078125,0.0125,160
244,20,9498,31.257667541503906,31.257667541503906,15.742182731628418,0.5859375,0.098388671875,0.0947265625,0.025,160
245,20,15575,31.204208374023438,31.204208374023438,26.91819953918457,0.46484375,0.1682373046875,0.1681640625,0.04375,160
246,20,11073,31.19094467163086,31.19094467163086,21.562435150146484,0.0859375,0.134765625,0.134326171875,0.03125,160
247,20,12210,31.156789779663086,31.156789779663086,81.50785064697266,4.640625,0.509423828125,0.483837890625,0.08125,160
248,20,3289,31.153453826904297,31.153453826904297,5.851586818695068,0.0,0.036572265625,0.036572265625,0.00625,160
249,20,7629,31.13070297241211,31.13070297241211,74.17172241210938,1.953125,0.46357421875,0.4658203125,0.09375,160
250,20,11996,31.071008682250977,31.071008682250977,20.179567337036133,3.94140625,0.126123046875,0.1382568359375,0.01875,160
251,20,6153,30.913223266601562,30.913223266601562,18.038963317871094,1.0,0.112744140625,0.115478515625,0.03125,160
252,20,12280,30.897598266601562,30.897598266601562,52.41730499267578,8.20703125,0.3276123046875,0.3185546875,0.0875,160
253,20,3698,30.71371078491211,30.71371078491211,64.30054473876953,0.9609375,0.4018798828125,0.4030517578125,0.09375,160
254,20,15538,30.688068389892578,30.688068389892578,16.142383575439453,0.40234375,0.10089111328125,0.10013427734375,0.025,160
255,20,14549,30.66545867919922,30.66545867919922,29.491973876953125,1.328125,0.184326171875,0.177490234375,0.0375,160
256,20,6032,30.547861099243164,30.547861099243164,22.847686767578125,0.81640625,0.1427978515625,0.13857421875,0.0375,160
257,20,13380,30.495126724243164,30.495126724243164,18.22654151916504,1.09375,0.113916015625,0.107080078125,0.01875,160
258,20,3711,30.373882293701172,30.373882293701172,37.59566879272461,0.48046875,0.23497314453125,0.23558349609375,0.0625,160
259,20,13249,30.34499740600586,30.34499740600586,18.85173988342285,0.59375,0.117822265625,0.114111328125,0.03125,160
260,20,3444,30.3380069732666,30.3380069732666,36.72260665893555,1.1640625,0.2295166015625,0.2224365234375,0.025,160
261,20,14995,30.30901336669922,30.30901336669922,43.0352897644043,3.5625,0.2689697265625,0.2532470703125,0.06875,160
262,20,5597,30.14643096923828,30.14643096923828,10.636764526367188,0.109375,0.0664794921875,0.0668212890625,0.01875,160
263,20,15001,29.822721481323242,29.822721481323242,22.082260131835938,0.42578125,0.1380126953125,0.1400390625,0.03125,160
264,20,13621,29.5390625,29.5390625,31.66840362548828,7.359375,0.1979248046875,0.1519287109375,0.04375,160
265,20,8152,29.429702758789062,29.429702758789062,232.922119140625,14.546875,1.45576171875,1.49951171875,0.25,160
266,20,12447,29.09783172607422,29.09783172607422,17.797021865844727,0.65625,0.11123046875,0.10712890625,0.025,160
267,20,5925,29.052927017211914,29.052927017211914,122.73023986816406,13.63671875,0.7670654296875,0.744384765625,0.175,160
268,20,13903,29.028900146484375,29.028900146484375,18.476606369018555,3.0703125,0.115478515625,0.09697265625,0.03125,160
269,20,8394,28.99108123779297,28.99108123779297,38.527408599853516,2.015625,0.2407958984375,0.2312255859375,0.04375,160
270,20,6574,28.8663330078125,28.8663330078125,55.92677307128906,1.42578125,0.3495361328125,0.34306640625,0.0875,160
271,20,6795,28.859909057617188,28.859909057617188,50.0553092956543,7.17578125,0.312841796875,0.3349365234375,0.075,160
272,20,11987,28.81241226196289,28.81241226196289,17.453081130981445,0.03125,0.10908203125,0.10927734375,0.00625,160
273,20,1197,28.631114959716797,28.631114959716797,17.351503372192383,0.3203125,0.108447265625,0.10771484375,0.025,160
274,20,12181,28.630739212036133,28.630739212036133,18.867048263549805,0.7890625,0.117919921875,0.1228515625,0.01875,160
275,20,13180,28.408634185791016,28.408634185791016,23.56627082824707,1.11328125,0.1472900390625,0.145458984375,0.0375,160
276,20,4021,28.370014190673828,28.370014190673828,32.61308288574219,3.36328125,0.2038330078125,0.190625,0.01875,160
277,20,16286,28.307308197021484,28.307308197021484,10.226390838623047,0.09375,0.063916015625,0.063330078125,0.00625,160
278,20,14632,28.178192138671875,28.178192138671875,8.062521934509277,0.0625,0.050390625,0.05,0.00625,160
279,20,2696,28.108539581298828,28.108539581298828,17.671964645385742,0.390625,0.11044921875,0.1083984375,0.03125,160
280,20,6310,27.987648010253906,27.987648010253906,37.57418441772461,1.4765625,0.2348388671875,0.2302978515625,0.06875,160
281,20,15860,27.94439125061035,27.94439125061035,47.05516815185547,2.1484375,0.294091796875,0.28193359375,0.06875,160
282,20,8235,27.865570068359375,27.865570068359375,11.367022514343262,0.0390625,0.071044921875,0.07080078125,0.0125,160
283,20,2368,27.78998565673828,27.78998565673828,34.679378509521484,1.40625,0.216748046875,0.207958984375,0.03125,160
284,20,6260,27.65613555908203,27.65613555908203,27.378854751586914,0.5,0.1711181640625,0.1679931640625,0.01875,160
285,20,15422,27.633380889892578,27.633380889892578,26.099761962890625,0.58203125,0.16312255859375,0.16612548828125,0.04375,160
286,20,8085,27.607223510742188,27.607223510742188,36.9487419128418,0.859375,0.2309326171875,0.2314208984375,0.04375,160
287,20,6882,27.588424682617188,27.588424682617188,32.126792907714844,0.86328125,0.20079345703125,0.19930419921875,0.05625,160
288,20,7299,27.580955505371094,27.580955505371094,15.60944938659668,0.03125,0.09755859375,0.09736328125,0.00625,160
289,20,14282,27.209136962890625,27.209136962890625,58.437400817871094,1.1328125,0.365234375,0.359619140625,0.03125,160
290,20,14577,27.08121681213379,27.08121681213379,19.808448791503906,0.3359375,0.1238037109375,0.1228271484375,0.03125,160
291,20,177,26.766887664794922,26.766887664794922,30.89055061340332,3.328125,0.19306640625,0.17314453125,0.03125,160
292,20,2381,26.764911651611328,26.764911651611328,17.265823364257812,0.328125,0.10791015625,0.1099609375,0.01875,160
293,20,7139,26.63542938232422,26.63542938232422,79.16424560546875,13.71484375,0.494775390625,0.5358154296875,0.1125,160
294,20,649,26.507427215576172,26.507427215576172,12.663930892944336,2.7578125,0.079150390625,0.0619140625,0.0125,160
295,20,13130,26.34214973449707,26.34214973449707,33.07783889770508,3.5625,0.20673828125,0.22861328125,0.05,160
296,20,2750,26.306034088134766,26.306034088134766,13.515612602233887,0.2734375,0.08447265625,0.085986328125,0.01875,160
297,20,2976,26.230905532836914,26.230905532836914,25.304611206054688,0.1796875,0.158154296875,0.15859375,0.0375,160
298,20,4695,26.12009048461914,26.12009048461914,7.406184196472168,0.25,0.0462890625,0.0447265625,0.00625,160
299,20,60,26.11758041381836,26.11758041381836,12.257636070251465,3.203125,0.076611328125,0.057275390625,0.01875,160
300,20,812,26.073474884033203,26.073474884033203,10.289106369018555,0.125,0.064306640625,0.065087890625,0.0125,160
301,20,5952,26.061038970947266,26.061038970947266,6.542953014373779,0.23828125,0.0408935546875,0.0423828125,0.0125,160
302,20,3405,25.98501205444336,25.98501205444336,21.429903030395508,4.1875,0.133935546875,0.159716796875,0.03125,160
303,20,6548,25.874698638916016,25.874698638916016,48.687435150146484,0.0,0.304296875,0.304296875,0.00625,160
304,20,11667,25.852399826049805,25.852399826049805,15.863238334655762,0.7578125,0.0991455078125,0.1038818359375,0.0125,160
305,20,11100,25.80617332458496,25.80617332458496,7.82420539855957,0.17578125,0.0489013671875,0.049609375,0.0125,160
306,20,3984,25.789928436279297,25.789928436279297,15.517459869384766,0.1875,0.09698486328125,0.09718017578125,0.025,160
307,20,3267,25.761552810668945,25.761552810668945,7.5820512771606445,0.09375,0.0473876953125,0.0479736328125,0.0125,160
308,20,5043,25.56603240966797,25.56603240966797,33.6793098449707,3.7578125,0.210498046875,0.2314453125,0.0375,160
309,20,492,25.55508041381836,25.55508041381836,11.871134757995605,0.390625,0.0741943359375,0.0730224609375,0.01875,160
310,20,2406,25.544918060302734,25.544918060302734,50.25062942504883,1.265625,0.3140625,0.31884765625,0.0625,160
311,20,3531,25.492332458496094,25.492332458496094,51.1214599609375,2.5625,0.3195068359375,0.3044677734375,0.05,160
312,20,11259,25.44856834411621,25.44856834411621,17.30481719970703,1.1640625,0.108154296875,0.10087890625,0.01875,160
313,20,11855,25.415966033935547,25.415966033935547,38.101593017578125,3.697265625,0.238134765625,0.21619873046875,0.05,160
314,20,1849,25.271591186523438,25.271591186523438,13.515521049499512,0.3828125,0.08447265625,0.086865234375,0.01875,160
315,20,9168,25.268390655517578,25.268390655517578,15.328110694885254,0.390625,0.09580078125,0.09599609375,0.025,160
316,20,10609,25.265817642211914,25.265817642211914,12.734500885009766,0.578125,0.07958984375,0.0759765625,0.0125,160
317,20,6472,25.2548828125,25.2548828125,64.00032806396484,0.8984375,0.4,0.404052734375,0.0625,160
318,20,4751,25.175071716308594,25.175071716308594,46.3514518737793,0.7265625,0.289697265625,0.28798828125,0.03125,160
319,20,802,25.068496704101562,25.068496704101562,11.007645606994629,0.1015625,0.068798828125,0.0681640625,0.01875,160
320,20,11068,24.87488555908203,24.87488555908203,27.144433975219727,3.3046875,0.1696533203125,0.1523681640625,0.05,160
321,20,6185,24.870084762573242,24.870084762573242,48.66778564453125,1.5078125,0.3041748046875,0.3010986328125,0.0375,160
322,20,11163,24.822168350219727,24.822168350219727,18.687576293945312,3.21875,0.116796875,0.13203125,0.03125,160
323,20,7538,24.62020492553711,24.62020492553711,15.535087585449219,2.88671875,0.0970947265625,0.11513671875,0.0125,160
324,20,3200,24.59632682800293,24.59632682800293,39.519649505615234,3.515625,0.2469970703125,0.2281494140625,0.06875,160
325,20,13341,24.457447052001953,24.457447052001953,11.703225135803223,0.375,0.07314453125,0.07548828125,0.00625,160
326,20,4992,24.399667739868164,24.399667739868164,36.578468322753906,4.375,0.22861328125,0.23828125,0.05,160
327,20,3347,24.300495147705078,24.300495147705078,29.585872650146484,0.3671875,0.184912109375,0.18544921875,0.03125,160
328,20,4880,24.24201202392578,24.24201202392578,10.687504768371582,0.203125,0.066796875,0.06689453125,0.0125,160
329,20,3913,24.23534393310547,24.23534393310547,11.324226379394531,1.1171875,0.0707763671875,0.0699462890625,0.01875,160
330,20,6862,24.12781524658203,24.12781524658203,31.984527587890625,1.1796875,0.19990234375,0.207275390625,0.025,160
331,20,1406,24.05866241455078,24.05866241455078,95.46757507324219,1.7109375,0.5966796875,0.596435546875,0.05625,160
332,20,12874,24.036527633666992,24.036527633666992,23.339862823486328,3.28515625,0.1458740234375,0.16640625,0.03125,160
333,20,1764,24.007793426513672,24.007793426513672,149.0419464111328,6.48828125,0.9315185546875,0.9021484375,0.1625,160
334,20,3036,23.899595260620117,23.899595260620117,17.49955940246582,0.03125,0.109375,0.1091796875,0.00625,160
335,20,13487,23.87176513671875,23.87176513671875,53.32864761352539,2.234375,0.33330078125,0.322314453125,0.0625,160
336,20,10538,23.852230072021484,23.852230072021484,21.18935775756836,6.482421875,0.13243408203125,0.1297607421875,0.0375,160
337,20,7564,23.764419555664062,23.764419555664062,68.51983642578125,4.62890625,0.4282470703125,0.41015625,0.1,160
338,20,10831,23.750951766967773,23.750951766967773,14.97274398803711,3.04296875,0.0935791015625,0.11181640625,0.025,160
339,20,11783,23.685462951660156,23.685462951660156,13.246095657348633,0.203125,0.0827880859375,0.0816162109375,0.01875,160
340,20,4157,23.612178802490234,23.612178802490234,9.054720878601074,0.1875,0.056591796875,0.057763671875,0.0125,160
341,20,10466,23.550138473510742,23.550138473510742,36.89834213256836,4.2734375,0.230615234375,0.2380859375,0.05625,160
342,20,6037,23.548799514770508,23.548799514770508,27.81295394897461,0.078125,0.173828125,0.17392578125,0.0125,160
343,20,14440,23.531476974487305,23.531476974487305,11.71088981628418,0.09375,0.073193359375,0.073779296875,0.00625,160
344,20,3570,23.37171173095703,23.37171173095703,129.055419921875,4.01171875,0.806591796875,0.8040771484375,0.1875,160
345,20,9974,23.295753479003906,23.295753479003906,19.94521141052246,0.453125,0.124658203125,0.124560546875,0.025,160
346,20,6625,23.268268585205078,23.268268585205078,15.39077377319336,2.96875,0.09619140625,0.112548828125,0.025,160
347,20,12949,23.050199508666992,23.050199508666992,22.839401245117188,0.40625,0.1427490234375,0.1403076171875,0.0375,160
348,20,2068,23.014495849609375,23.014495849609375,20.703174591064453,0.3203125,0.12939453125,0.129736328125,0.03125,160
349,20,15169,22.99875831604004,22.99875831604004,13.13686752319336,1.49609375,0.0821044921875,0.075048828125,0.01875,160
350,20,3460,22.982982635498047,22.982982635498047,57.23003387451172,0.73046875,0.3576904296875,0.35732421875,0.0375,160
351,20,6233,22.971710205078125,22.971710205078125,23.290916442871094,0.765625,0.14556884765625,0.14210205078125,0.0375,160
352,20,7447,22.936006546020508,22.936006546020508,37.1988410949707,1.23828125,0.2324951171875,0.226123046875,0.05,160
353,20,14801,22.73750877380371,22.73750877380371,14.593847274780273,0.14453125,0.0912109375,0.0912353515625,0.01875,160
354,20,3618,22.710662841796875,22.710662841796875,43.17999267578125,1.578125,0.269873046875,0.274658203125,0.0375,160
355,20,11607,22.540700912475586,22.540700912475586,14.183598518371582,0.3515625,0.0886474609375,0.0885009765625,0.01875,160
356,20,15123,22.392112731933594,22.392112731933594,12.91214656829834,0.9921875,0.08070068359375,0.07449951171875,0.01875,160
357,20,10180,22.369571685791016,22.369571685791016,8.638630867004395,0.4375,0.05399169921875,0.05125732421875,0.0125,160
358,20,8986,22.35340118408203,22.35340118408203,24.370941162109375,3.484375,0.1523193359375,0.1316162109375,0.04375,160
359,20,4477,22.245176315307617,22.245176315307617,31.484283447265625,0.9921875,0.19677734375,0.198291015625,0.03125,160
360,20,7548,22.224960327148438,22.224960327148438,22.523141860961914,0.6328125,0.140771484375,0.13681640625,0.0125,160
361,20,15201,22.177906036376953,22.177906036376953,17.332353591918945,5.78125,0.1083251953125,0.1076904296875,0.03125,160
362,20,7240,22.139863967895508,22.139863967895508,30.843671798706055,3.3984375,0.1927734375,0.172021484375,0.05625,160
363,20,3651,22.119731903076172,22.119731903076172,11.949366569519043,2.95703125,0.0746826171875,0.0923828125,0.01875,160
364,20,2024,22.06727409362793,22.06727409362793,24.452852249145508,0.84375,0.15283203125,0.15576171875,0.04375,160
365,20,624,22.03741455078125,22.03741455078125,9.94929027557373,2.85546875,0.0621826171875,0.079638671875,0.01875,160
366,20,10214,22.03281021118164,22.03281021118164,30.96073341369629,3.42578125,0.193505859375,0.2078369140625,0.05625,160
367,20,13707,21.921079635620117,21.921079635620117,5.937470436096191,0.03125,0.037109375,0.0373046875,0.00625,160
368,20,7623,21.873126983642578,21.873126983642578,32.78150177001953,1.234375,0.2048828125,0.21103515625,0.01875,160
369,20,15809,21.819351196289062,21.819351196289062,20.18361473083496,1.03125,0.1261474609375,0.1202880859375,0.03125,160
370,20,11837,21.804319381713867,21.804319381713867,16.281293869018555,0.515625,0.1017578125,0.09853515625,0.025,160
371,20,12113,21.79250144958496,21.79250144958496,37.16400146484375,9.09375,0.232275390625,0.248583984375,0.05625,160
372,20,2650,21.786596298217773,21.786596298217773,8.19526481628418,0.25,0.051220703125,0.049658203125,0.0125,160
373,20,8818,21.67958641052246,21.67958641052246,10.839960098266602,3.23046875,0.0677490234375,0.05068359375,0.01875,160
374,20,8424,21.671199798583984,21.671199798583984,39.417293548583984,3.5234375,0.2463623046875,0.2290771484375,0.03125,160
375,20,2949,21.624238967895508,21.624238967895508,13.023323059082031,3.81640625,0.081396484375,0.0575439453125,0.01875,160
376,20,11742,21.618255615234375,21.618255615234375,7.046883583068848,0.796875,0.04404296875,0.0390625,0.00625,160
377,20,14669,21.603748321533203,21.603748321533203,9.554689407348633,2.88671875,0.059716796875,0.0763916015625,0.0125,160
378,20,6124,21.492647171020508,21.492647171020508,18.41018295288086,3.62890625,0.1150634765625,0.10244140625,0.03125,160
379,20,267,21.37642478942871,21.37642478942871,8.271377563476562,0.6484375,0.05169677734375,0.04764404296875,0.0125,160
380,20,15218,21.312179565429688,21.312179565429688,37.773193359375,0.95703125,0.236083984375,0.2317626953125,0.05625,160
381,20,11018,21.276626586914062,21.276626586914062,34.87532424926758,0.1796875,0.21796875,0.217236328125,0.01875,160
382,20,7151,21.1745662689209,21.1745662689209,24.488523483276367,0.37890625,0.1530517578125,0.152294921875,0.03125,160
383,20,13804,21.083824157714844,21.083824157714844,15.63272762298584,0.46484375,0.097705078125,0.0991943359375,0.025,160
384,20,7958,21.07602882385254,21.07602882385254,24.536863327026367,6.326171875,0.15335693359375,0.1928955078125,0.0375,160
385,20,11741,20.978609085083008,20.978609085083008,17.417739868164062,1.4375,0.1088623046875,0.1020263671875,0.03125,160
386,20,2251,20.772415161132812,20.772415161132812,15.33590030670166,0.1484375,0.095849609375,0.0951171875,0.03125,160
387,20,15878,20.679126739501953,20.679126739501953,31.601577758789062,1.0546875,0.197509765625,0.19931640625,0.0375,160
388,20,3117,20.660259246826172,20.660259246826172,15.523608207702637,1.68359375,0.097021484375,0.0864990234375,0.01875,160
389,20,13875,20.65738296508789,20.65738296508789,14.585982322692871,0.3515625,0.091162109375,0.08896484375,0.01875,160
390,20,14892,20.616050720214844,20.616050720214844,16.171831130981445,3.37890625,0.10107421875,0.1218017578125,0.025,160
391,20,14293,20.606117248535156,20.606117248535156,8.343803405761719,1.4375,0.0521484375,0.0431640625,0.0125,160
392,20,1107,20.592845916748047,20.592845916748047,7.820254802703857,0.078125,0.048876953125,0.048388671875,0.0125,160
393,20,1560,20.54046630859375,20.54046630859375,4.757856845855713,0.1328125,0.029736328125,0.02890625,0.00625,160
394,20,1138,20.497509002685547,20.497509002685547,35.14088821411133,1.4921875,0.21962890625,0.228955078125,0.01875,160
395,20,4947,20.47610855102539,20.47610855102539,13.86707878112793,0.21484375,0.086669921875,0.0871337890625,0.025,160
396,20,4374,20.40290069580078,20.40290069580078,23.87092399597168,6.29296875,0.1491943359375,0.145556640625,0.0375,160
397,20,7121,20.39572525024414,20.39572525024414,17.00783348083496,0.7890625,0.106298828125,0.1013671875,0.01875,160
398,20,15687,20.344676971435547,20.344676971435547,16.65013313293457,0.24609375,0.10406494140625,0.10286865234375,0.025,160
399,20,8677,20.34463119506836,20.34463119506836,17.63273811340332,3.03125,0.110205078125,0.093310546875,0.03125,160
400,20,10462,20.342105865478516,20.342105865478516,6.617222785949707,0.140625,0.041357421875,0.041455078125,0.0125,160
401,20,826,20.146509170532227,20.146509170532227,6.531219005584717,0.4453125,0.0408203125,0.043603515625,0.0125,160
402,20,4838,20.13374900817871,20.13374900817871,6.906218528747559,0.0234375,0.0431640625,0.043017578125,0.00625,160
403,20,8831,20.12421989440918,20.12421989440918,5.703145503997803,0.0078125,0.03564453125,0.035693359375,0.00625,160
404,20,1151,20.070289611816406,20.070289611816406,25.40618324279785,3.4453125,0.1587890625,0.139794921875,0.05,160
405,20,11139,20.030715942382812,20.030715942382812,8.617093086242676,0.0078125,0.053857421875,0.05390625,0.00625,160
406,20,4288,19.957483291625977,19.957483291625977,15.476358413696289,0.39453125,0.096728515625,0.0991943359375,0.01875,160
407,20,396,19.929153442382812,19.929153442382812,34.890750885009766,5.21484375,0.21806640625,0.1854736328125,0.025,160
408,20,2127,19.882179260253906,19.882179260253906,32.031593322753906,0.78125,0.2001953125,0.19580078125,0.025,160
409,20,5083,19.867507934570312,19.867507934570312,14.484281539916992,3.140625,0.09052734375,0.071630859375,0.025,160
410,20,11665,19.85149383544922,19.85149383544922,32.253807067871094,3.26953125,0.2015869140625,0.217724609375,0.04375,160
411,20,8564,19.846115112304688,19.846115112304688,18.445323944091797,0.453125,0.115283203125,0.113330078125,0.025,160
412,20,10383,19.842880249023438,19.842880249023438,14.99194049835205,0.5078125,0.093701171875,0.09638671875,0.025,160
413,20,5741,19.84278106689453,19.84278106689453,49.94559860229492,0.8125,0.312158203125,0.312158203125,0.05,160
414,20,16333,19.774850845336914,19.774850845336914,6.683537006378174,0.0859375,0.0417724609375,0.0423095703125,0.00625,160
415,20,4397,19.767654418945312,19.767654418945312,12.22675895690918,0.0625,0.076416015625,0.076025390625,0.00625,160
416,20,4791,19.763612747192383,19.763612747192383,31.14856719970703,0.9296875,0.194677734375,0.194921875,0.025,160
417,20,2318,19.738126754760742,19.738126754760742,16.81641960144043,0.59375,0.1051025390625,0.1013916015625,0.025,160
418,20,16331,19.735872268676758,19.735872268676758,10.234265327453613,3.029296875,0.06396484375,0.07928466796875,0.0125,160
419,20,7577,19.732284545898438,19.732284545898438,24.382835388183594,2.9765625,0.152392578125,0.1345703125,0.025,160
420,20,5981,19.72505760192871,19.72505760192871,9.875110626220703,3.5625,0.06171875,0.07548828125,0.0125,160
421,20,1175,19.621036529541016,19.621036529541016,12.339802742004395,0.2265625,0.0771240234375,0.0772705078125,0.01875,160
422,20,13425,19.62085723876953,19.62085723876953,200.1539306640625,15.01171875,1.2509765625,1.1884033203125,0.275,160
423,20,12152,19.577638626098633,19.577638626098633,15.273509979248047,0.2265625,0.095458984375,0.0953125,0.025,160
424,20,13938,19.55702781677246,19.55702781677246,12.523643493652344,0.1171875,0.078271484375,0.0779296875,0.01875,160
425,20,1435,19.533536911010742,19.533536911010742,26.625146865844727,3.6796875,0.16640625,0.148876953125,0.04375,160
426,20,4202,19.464780807495117,19.464780807495117,11.320216178894043,1.8359375,0.070751953125,0.05927734375,0.0125,160
427,20,3577,19.464765548706055,19.464765548706055,25.101625442504883,0.5625,0.156884765625,0.155419921875,0.0375,160
428,20,10032,19.432464599609375,19.432464599609375,5.32810640335083,0.1796875,0.03330078125,0.032177734375,0.00625,160
429,20,11297,19.423765182495117,19.423765182495117,3.3358938694000244,0.015625,0.020849609375,0.020751953125,0.00625,160
430,20,12217,19.382461547851562,19.382461547851562,48.78905487060547,3.8828125,0.304931640625,0.32880859375,0.075,160
431,20,4244,19.38199806213379,19.38199806213379,34.0980339050293,0.2421875,0.2131103515625,0.2117919921875,0.0375,160
432,20,6391,19.30097198486328,19.30097198486328,69.23765563964844,6.80078125,0.4327392578125,0.43310546875,0.075,160
433,20,10419,19.283166885375977,19.283166885375977,11.648421287536621,0.6953125,0.072802734375,0.0771484375,0.00625,160
434,20,4234,19.19270133972168,19.19270133972168,20.961153030395508,0.421875,0.131005859375,0.129638671875,0.025,160
435,20,11312,19.191015243530273,19.191015243530273,49.78157043457031,0.3359375,0.3111328125,0.309716796875,0.03125,160
436,20,16324,19.092744827270508,19.092744827270508,21.06246566772461,0.296875,0.131640625,0.13115234375,0.01875,160
437,20,5513,19.046241760253906,19.046241760253906,5.617145538330078,0.1171875,0.035107421875,0.03583984375,0.00625,160
438,20,13212,19.015817642211914,19.015817642211914,22.57044792175293,0.3046875,0.141064453125,0.141015625,0.0375,160
439,20,4708,18.840532302856445,18.840532302856445,20.722434997558594,0.65625,0.1295166015625,0.1300048828125,0.03125,160
440,20,10985,18.797996520996094,18.797996520996094,24.82027816772461,3.1484375,0.155126953125,0.169921875,0.0375,160
441,20,9773,18.794198989868164,18.794198989868164,22.187803268432617,0.78125,0.138671875,0.1337890625,0.01875,160
442,20,10293,18.764013290405273,18.764013290405273,7.5000152587890625,0.125,0.046875,0.04609375,0.0125,160
443,20,10878,18.756717681884766,18.756717681884766,66.39844512939453,5.3828125,0.414990234375,0.433984375,0.05,160
444,20,7039,18.745468139648438,18.745468139648438,11.968767166137695,1.046875,0.0748046875,0.06826171875,0.0125,160
445,20,2648,18.73603630065918,18.73603630065918,19.617076873779297,3.0234375,0.122607421875,0.1037109375,0.0125,160
446,20,14916,18.712255477905273,18.712255477905273,26.64659881591797,0.3203125,0.16654052734375,0.16644287109375,0.0375,160
447,20,9299,18.67125701904297,18.67125701904297,47.70304870605469,1.03125,0.29814453125,0.2939453125,0.03125,160
448,20,8557,18.66048240661621,18.66048240661621,5.4687604904174805,0.0546875,0.0341796875,0.033837890625,0.00625,160
449,20,3614,18.619382858276367,18.619382858276367,5.910111904144287,0.2109375,0.0369384765625,0.0356201171875,0.00625,160
450,20,757,18.575475692749023,18.575475692749023,23.3436222076416,0.25,0.1458984375,0.1443359375,0.025,160
451,20,13217,18.572757720947266,18.572757720947266,28.7145938873291,1.00390625,0.1794677734375,0.177197265625,0.0375,160
452,20,6135,18.501375198364258,18.501375198364258,13.718644142150879,0.2578125,0.0857421875,0.085302734375,0.025,160
453,20,2899,18.487380981445312,18.487380981445312,48.1485595703125,4.15625,0.300927734375,0.274951171875,0.0375,160
454,20,13167,18.468530654907227,18.468530654907227,10.17199420928955,0.1640625,0.06357421875,0.063525390625,0.01875,160
455,20,6852,18.459787368774414,18.459787368774414,52.0120735168457,5.42578125,0.3250732421875,0.3546875,0.0625,160
456,20,16307,18.440032958984375,18.440032958984375,20.714807510375977,0.9453125,0.1294677734375,0.1328369140625,0.0125,160
457,20,5606,18.425949096679688,18.425949096679688,9.164048194885254,0.1328125,0.057275390625,0.05654296875,0.0125,160
458,20,10737,18.406574249267578,18.406574249267578,46.00393295288086,1.125,0.2875244140625,0.2825927734375,0.05,160
459,20,12293,18.403179168701172,18.403179168701172,57.242698669433594,1.7734375,0.357763671875,0.354296875,0.05625,160
460,20,283,18.351001739501953,18.351001739501953,13.906391143798828,0.171875,0.0869140625,0.08583984375,0.01875,160
461,20,9930,18.305198669433594,18.305198669433594,15.1640625,3.52734375,0.094775390625,0.1158447265625,0.01875,160
462,20,4314,18.255313873291016,18.255313873291016,4.730413436889648,0.1015625,0.0295654296875,0.0289306640625,0.00625,160
463,20,9857,18.238271713256836,18.238271713256836,19.16033172607422,3.021484375,0.1197509765625,0.10155029296875,0.0375,160
464,20,5196,18.207069396972656,18.207069396972656,4.304698467254639,0.40625,0.026904296875,0.024365234375,0.00625,160
465,20,8370,18.20677947998047,18.20677947998047,12.32815170288086,2.966796875,0.07705078125,0.09129638671875,0.025,160
466,20,1218,18.202407836914062,18.202407836914062,15.340024948120117,0.82421875,0.0958740234375,0.09072265625,0.025,160
467,20,4042,18.13703155517578,18.13703155517578,26.242280960083008,3.33203125,0.164013671875,0.18203125,0.04375,160
468,20,9111,18.124496459960938,18.124496459960938,29.031206130981445,0.7734375,0.1814453125,0.182763671875,0.03125,160
469,20,2756,18.115840911865234,18.115840911865234,18.8985595703125,0.3359375,0.118115234375,0.1193359375,0.0375,160
470,20,1761,18.084148406982422,18.084148406982422,17.507781982421875,0.171875,0.109423828125,0.109521484375,0.03125,160
471,20,7642,18.06835174560547,18.06835174560547,26.25749397277832,0.796875,0.164111328125,0.163818359375,0.01875,160
472,20,4230,18.066272735595703,18.066272735595703,56.63341522216797,1.0078125,0.353955078125,0.35302734375,0.04375,160
473,20,11329,18.064918518066406,18.064918518066406,39.32585144042969,3.826171875,0.24578857421875,0.2611083984375,0.01875,160
474,20,15254,18.063243865966797,18.063243865966797,23.171842575073242,0.7109375,0.14482421875,0.14267578125,0.0375,160
475,20,4,18.050596237182617,18.050596237182617,27.78120994567871,0.0625,0.1736328125,0.1740234375,0.00625,160
476,20,6049,18.02393341064453,18.02393341064453,4.289011478424072,0.1171875,0.026806640625,0.02607421875,0.00625,160
477,20,7162,17.95438575744629,17.95438575744629,12.13267707824707,0.4921875,0.075830078125,0.07890625,0.01875,160
478,20,10879,17.909854888916016,17.909854888916016,11.617146492004395,8.23046875,0.072607421875,0.1236572265625,0.01875,160
479,20,14583,17.844165802001953,17.844165802001953,9.203141212463379,0.5234375,0.05751953125,0.054248046875,0.0125,160
480,20,7724,17.78162384033203,17.78162384033203,19.312389373779297,3.154296875,0.120703125,0.10284423828125,0.0375,160
481,20,7065,17.749618530273438,17.749618530273438,10.21098518371582,1.171875,0.063818359375,0.056494140625,0.0125,160
482,20,11950,17.664255142211914,17.664255142211914,7.593682765960693,2.87890625,0.0474609375,0.0294677734375,0.0125,160
483,20,4402,17.647357940673828,17.647357940673828,7.513650417327881,0.10546875,0.04696044921875,0.04639892578125,0.0125,160
484,20,2142,17.626880645751953,17.626880645751953,13.207193374633789,0.10546875,0.0825439453125,0.08310546875,0.025,160
485,20,11715,17.5723876953125,17.5723876953125,10.816396713256836,0.34375,0.0676025390625,0.0654541015625,0.01875,160
486,20,5998,17.463214874267578,17.463214874267578,7.945292949676514,0.3203125,0.049658203125,0.05166015625,0.0125,160
487,20,3436,17.452287673950195,17.452287673950195,10.218746185302734,3.283203125,0.0638671875,0.08316650390625,0.01875,160
488,20,92,17.447677612304688,17.447677612304688,7.624963760375977,0.2734375,0.04765625,0.048779296875,0.0125,160
489,20,6761,17.415048599243164,17.415048599243164,14.902235984802246,1.2265625,0.0931396484375,0.0854736328125,0.0125,160
490,20,8144,17.2930850982666,17.2930850982666,10.67195987701416,0.1015625,0.06669921875,0.066650390625,0.01875,160
491,20,2262,17.264301300048828,17.264301300048828,19.316129684448242,0.5546875,0.1207275390625,0.1172607421875,0.0125,160
492,20,11116,17.228776931762695,17.228776931762695,8.300765991210938,3.28515625,0.0518798828125,0.03134765625,0.0125,160
493,20,7813,17.219219207763672,17.219219207763672,8.914013862609863,0.16796875,0.055712890625,0.0565185546875,0.01875,160
494,20,8164,17.21316146850586,17.21316146850586,5.765602111816406,5.765625,0.03603515625,0.0,0.0125,160
495,20,3766,17.14451789855957,17.14451789855957,19.525571823120117,3.45703125,0.12203369140625,0.10238037109375,0.03125,160
496,20,3368,17.11341667175293,17.11341667175293,4.640578746795654,0.03125,0.02900390625,0.02880859375,0.00625,160
497,20,15047,17.104528427124023,17.104528427124023,8.47072982788086,0.10546875,0.05294189453125,0.05360107421875,0.0125,160
498,20,1134,17.04181480407715,17.04181480407715,12.496236801147461,2.875,0.0781005859375,0.0610595703125,0.025,160
499,20,11683,17.027759552001953,17.027759552001953,7.0233845710754395,0.125,0.043896484375,0.044580078125,0.0125,160
500,20,8452,17.00236701965332,17.00236701965332,11.906278610229492,0.21875,0.0744140625,0.073828125,0.01875,160
